ID,PID,z
49140,4233,6.68266
55604,4233,6.98185
16594,2561,7.01
13123,2561,7.01
46803,0000,4.4638
206038,0000,6.628
9809,4233,5.7097
57146,4106,6.68478
